id;denomination_ar;denomination_fr;format_pj;reference
1;content-based;"ES";real-time;North Carolina Directives bypassing
2;mindshare;"WBCUY";magnetic;B2B
3;enable Awesome Cotton Shoes;"YAMJQR";forecast Berkshire;Refined Soft Computer seamless
4;Outdoors online;"RLF";bluetooth transmit;program
5;system;"L";repurpose incremental;green COM North Dakota
6;Republic of Korea Baby;"CXLOF";Customer JSON cross-platform;Berkshire South Georgia and the South Sandwich Islands Savings Account
7;Public-key implementation Awesome;"ZZK";Mouse AGP;turquoise navigate
8;Illinois Stravenue Auto Loan Account;"TN";overriding;Flat
9;copying mobile Credit Card Account;"OEN";innovative;XML
10;navigate monitor;"BSJK";synthesize Quality gold;Bedfordshire
